input_size,divide_and_conquer,brute_force
30,0.000002632,0.000001660
60,0.000002692,0.000002905
90,0.000003693,0.000004835
120,0.000003957,0.000007369
150,0.000005164,0.000010718
180,0.000005624,0.000014791
210,0.000006698,0.000019574
240,0.000007171,0.000025037
270,0.000008770,0.000031292
300,0.000009226,0.000037976
330,0.000010243,0.000045557
360,0.000010648,0.000053734
390,0.000011865,0.000062798
420,0.000012735,0.000072342
450,0.000013705,0.000082707
480,0.000014206,0.000093706
510,0.000014963,0.000105467
540,0.000016358,0.000147383
570,0.000017586,0.000130916
600,0.000018367,0.000144672
630,0.000018727,0.000160130
660,0.000019746,0.000174330
690,0.000020996,0.000219290
720,0.000021443,0.000207166
750,0.000022687,0.000223981
780,0.000023558,0.000241974
810,0.000025066,0.000286351
840,0.000025705,0.000280003
870,0.000026183,0.000300041
900,0.000026865,0.000336850
930,0.000027954,0.000342179
960,0.000028953,0.000377716
990,0.000043169,0.000387246
1020,0.000030531,0.000410600
1050,0.000031911,0.000463659
1080,0.000033556,0.000459819
1110,0.000034784,0.000503849
1140,0.000035111,0.000527335
1170,0.000036397,0.000542201
1200,0.000037177,0.000594579
1230,0.000037934,0.000595308
1260,0.000037580,0.000654271
1290,0.000038945,0.000670304
1320,0.000040675,0.000701720
1350,0.000041775,0.000715223
1380,0.000042446,0.000776508
1410,0.000043104,0.000809320
1440,0.000043880,0.000841652
1470,0.000045052,0.000868328
1500,0.000045534,0.000910172
1530,0.000045350,0.000944929
1560,0.000047876,0.000969723
1590,0.000048826,0.001015535
1620,0.000051029,0.001054805
1650,0.000050832,0.001094111
1680,0.000052093,0.001134407
1710,0.000070242,0.001170914
1740,0.000053104,0.001212557
1770,0.000053849,0.001242304
1800,0.000054785,0.001321453
1830,0.000056709,0.001335223
1860,0.000057974,0.001380889
1890,0.000058706,0.001398409
1920,0.000059078,0.001442907
1950,0.000060743,0.001486074
1980,0.000061376,0.001534043
2010,0.000061479,0.001579861
2040,0.000061857,0.001627274
2070,0.000064239,0.001674134
2100,0.000066502,0.001723342
2130,0.000067433,0.001770726
2160,0.000071499,0.001819715
2190,0.000069065,0.001871083
2220,0.000070518,0.001925753
2250,0.000070947,0.001977587
2280,0.000071624,0.002032070
2310,0.000075135,0.002082825
2340,0.000073715,0.002137819
2370,0.000074372,0.002197051
2400,0.000075710,0.002247692
2430,0.000079890,0.002303871
2460,0.000077507,0.002364668
2490,0.000078162,0.002417914
2520,0.000077680,0.002473002
2550,0.000077996,0.002532821
2580,0.000079866,0.002592471
2610,0.000081631,0.002651895
2640,0.000083396,0.002744570
2670,0.000083823,0.002775386
2700,0.000084870,0.002837660
2730,0.000085977,0.002901235
2760,0.000086172,0.002964484
2790,0.000087274,0.003028865
2820,0.000087570,0.003201356
2850,0.000088793,0.003235873
2880,0.000090513,0.003226459
2910,0.000090754,0.003298695
2940,0.000092070,0.003419987
2970,0.000092308,0.003450835
3000,0.000093563,0.003510368
3030,0.000094230,0.003569548
3060,0.000093891,0.003643736
3090,0.000096314,0.003716140
3120,0.000097816,0.003784528
3150,0.000099351,0.003857220
3180,0.000100906,0.003933061
3210,0.000101231,0.004004880
3240,0.000103336,0.004079633
3270,0.000103525,0.004155309
3300,0.000104035,0.004234204
3330,0.000105018,0.004312056
3360,0.000106399,0.004386137
3390,0.000109430,0.004464394
3420,0.000108750,0.004546164
3450,0.000108285,0.004623352
3480,0.000110777,0.004703485
3510,0.000110498,0.004788420
3540,0.000110854,0.004870769
3570,0.000110908,0.004950116
3600,0.000112842,0.005034761
3630,0.000115511,0.005147512
3660,0.000116982,0.005201505
3690,0.000118142,0.005297197
3720,0.000120180,0.005375506
3750,0.000120437,0.005462171
3780,0.000125645,0.005551445
3810,0.000122572,0.005635941
3840,0.000121934,0.005726619
3870,0.000123848,0.005813803
3900,0.000124835,0.005906192
3930,0.000126009,0.005996381
3960,0.000126730,0.006086121
3990,0.000127153,0.006179678
4020,0.000127303,0.006273195
4050,0.000127965,0.006394539
4080,0.000128817,0.007001621
4110,0.000132483,0.006740106
4140,0.000133043,0.006745623
4170,0.000135033,0.006756780
4200,0.000136236,0.006846231
4230,0.000136868,0.006941920
4260,0.000138662,0.007117661
4290,0.000141028,0.007408152
4320,0.000154975,0.007409230
4350,0.000141712,0.007383531
4380,0.000142909,0.007451496
4410,0.000145652,0.007547757
4440,0.000145620,0.007650547
4470,0.000145884,0.007751827
4500,0.000146460,0.007854119
4530,0.000147206,0.007960519
4560,0.000147794,0.008102905
4590,0.000159515,0.008173245
4620,0.000148975,0.008279294
4650,0.000150923,0.008385454
4680,0.000152829,0.008498274
4710,0.000154380,0.008602393
4740,0.000153940,0.008744880
4770,0.000156142,0.008825241
4800,0.000156467,0.008934811
4830,0.000157361,0.009047113
4860,0.000158498,0.009157910
4890,0.000159202,0.009274869
4920,0.000159755,0.009420586
4950,0.000160083,0.009505312
4980,0.000162365,0.009618208
5010,0.000161756,0.009729973
5040,0.000161624,0.009848506
5070,0.000161867,0.009965610
5100,0.000163039,0.010084774
5130,0.000163426,0.010474142
5160,0.000166536,0.010611986
5190,0.000168962,0.010456946
5220,0.000169713,0.010601388
5250,0.000171845,0.010686248
5280,0.000173010,0.010803241
5310,0.000173261,0.010955095
5340,0.000173754,0.011055163
5370,0.000174383,0.011174613
5400,0.000181083,0.011299991
5430,0.000177502,0.011429169
5460,0.000177804,0.011608535
5490,0.000180037,0.011712895
5520,0.000185928,0.011809717
5550,0.000181094,0.011936618
5580,0.000180716,0.012065158
5610,0.000185512,0.012195062
5640,0.000182320,0.012350505
5670,0.000185774,0.012486618
5700,0.000185987,0.012588978
5730,0.000187199,0.012729048
5760,0.000187361,0.012996935
5790,0.000188491,0.013343325
5820,0.000189099,0.013123469
5850,0.000189801,0.013259183
5880,0.000190201,0.013393933
5910,0.000190901,0.013533829
5940,0.000192824,0.013668588
5970,0.000193906,0.013843326
6000,0.000194751,0.013945867
6030,0.000194269,0.014087238
6060,0.000195541,0.014528273
6090,0.000198045,0.014576307
6120,0.000196418,0.014511585
6150,0.000197206,0.014648462
6180,0.000200672,0.014833913
6210,0.000202741,0.014937093
6240,0.000203823,0.015084086
6270,0.000205451,0.015255776
6300,0.000207439,0.015715527
6330,0.000207708,0.015517734
6360,0.000211891,0.015675539
6390,0.000209969,0.015839563
6420,0.000212067,0.015964536
6450,0.000218157,0.016111287
6480,0.000213977,0.016263076
6510,0.000216138,0.016437605
6540,0.000216134,0.016573116
6570,0.000217775,0.016750246
6600,0.000217602,0.016870803
6630,0.000217706,0.017021187
6660,0.000219865,0.018387957
6690,0.000251451,0.018025217
6720,0.000227286,0.017499641
6750,0.000258788,0.017968881
6780,0.000303855,0.017801667
6810,0.000224955,0.017956076
6840,0.000225037,0.018116923
6870,0.000225942,0.018298227
6900,0.000226025,0.018449817
6930,0.000227700,0.018622130
6960,0.000230596,0.018792773
6990,0.000232109,0.018931269
7020,0.000230821,0.019080983
7050,0.000231797,0.019252886
7080,0.000231756,0.019435566
7110,0.000234011,0.019572113
7140,0.000232487,0.020204986
7170,0.000233160,0.019905214
7200,0.000236181,0.020078286
7230,0.000238353,0.020266555
7260,0.000240732,0.020406632
7290,0.000241846,0.020572857
7320,0.000242468,0.020770244
7350,0.000244009,0.020952147
7380,0.000245340,0.021110396
7410,0.000246318,0.021282240
7440,0.000247170,0.021453621
7470,0.000250380,0.021600680
7500,0.000250075,0.022348257
7530,0.000252166,0.021974577
7560,0.000252597,0.022125919
7590,0.000253814,0.022298580
7620,0.000254529,0.022477133
7650,0.000253875,0.022750657
7680,0.000256428,0.022936042
7710,0.000258236,0.023041209
7740,0.000258582,0.023186411
7770,0.000259418,0.023376045
7800,0.000260445,0.023693649
7830,0.000261408,0.024105201
7860,0.000262122,0.023909899
7890,0.000263846,0.024100861
7920,0.000262811,0.024303807
7950,0.000263390,0.024456919
7980,0.000272847,0.024667874
8010,0.000266274,0.024842267
8040,0.000266926,0.025042746
8070,0.000267097,0.025205101
8100,0.000268375,0.025472363
8130,0.000267598,0.025864274
8160,0.000270535,0.026010944
8190,0.000269321,0.025959230
8220,0.000272122,0.026151424
8250,0.000277870,0.026344966
8280,0.000276071,0.026562363
8310,0.000277267,0.026790135
8340,0.000279733,0.026920639
8370,0.000283007,0.027139959
8400,0.000282446,0.027497447
8430,0.000283471,0.027498429
8460,0.000285655,0.027720943
8490,0.000287080,0.027900202
8520,0.000288920,0.028169190
8550,0.000291923,0.028318881
8580,0.000291774,0.028494859
8610,0.000292172,0.028736395
8640,0.000292568,0.028881233
8670,0.000294987,0.029549661
8700,0.000294280,0.029295568
8730,0.000295624,0.029516145
8760,0.000298048,0.029692357
8790,0.000299325,0.029991918
8820,0.000303907,0.030134330
8850,0.000303035,0.030339000
8880,0.000303422,0.030545384
8910,0.000306039,0.031169514
8940,0.000304805,0.030949716
8970,0.000306560,0.031156911
9000,0.000305655,0.031347795
9030,0.000305177,0.031621332
9060,0.000307370,0.031758991
9090,0.000307793,0.032016495
9120,0.000308340,0.032205708
9150,0.000307853,0.032568015
9180,0.000308278,0.032604401
9210,0.000309287,0.032869689
9240,0.000311168,0.033029666
9270,0.000313834,0.033266835
9300,0.000314149,0.033474386
9330,0.000316561,0.033705906
9360,0.000316663,0.034120808
9390,0.000317813,0.034137959
9420,0.000320499,0.034358591
9450,0.000321839,0.034554823
9480,0.000323361,0.034955224
9510,0.000324410,0.034990438
9540,0.000323888,0.035243165
9570,0.000325927,0.035640897
9600,0.000326985,0.035653738
9630,0.000326763,0.035882151
9660,0.000328139,0.036124453
9690,0.000329737,0.036525876
9720,0.000330068,0.036555854
9750,0.000330347,0.036826945
9780,0.000332682,0.037252997
9810,0.000364474,0.037266772
9840,0.000335902,0.037482198
9870,0.000334189,0.037691740
9900,0.000335623,0.037935848
9930,0.000335629,0.038294598
9960,0.000339344,0.038381624
9990,0.000336871,0.039271663
10020,0.000338458,0.038858138
10050,0.000336911,0.039139304
10080,0.000337571,0.039329894
10110,0.000340316,0.039546635
10140,0.000340105,0.039829859
10170,0.000339108,0.040208135
10200,0.000341464,0.040269445
10230,0.000338844,0.040532793
10260,0.000342134,0.040752789
10290,0.000343954,0.040984124
10320,0.000372746,0.041232667
10350,0.000348301,0.041618018
10380,0.000350640,0.041699872
10410,0.000355299,0.041923229
10440,0.000352148,0.042341729
10470,0.000353986,0.042407619
10500,0.000356011,0.042714643
10530,0.000358076,0.043368368
10560,0.000358639,0.043137106
10590,0.000358733,0.043395493
10620,0.000360604,0.043655212
10650,0.000362402,0.044416761
10680,0.000362476,0.044703555
10710,0.000364190,0.044719977
10740,0.000369723,0.044650025
10770,0.000366801,0.044937027
10800,0.000366954,0.045353150
10830,0.000370099,0.045370219
10860,0.000372405,0.045861723
10890,0.000370636,0.045907488
10920,0.000373441,0.046146533
10950,0.000373294,0.046436134
10980,0.000373620,0.046681097
11010,0.000373945,0.047278210
11040,0.000401879,0.047234664
11070,0.000376673,0.047434013
11100,0.000378042,0.047857077
11130,0.000379676,0.047928290
11160,0.000378458,0.048374021
11190,0.000379310,0.048527716
11220,0.000379140,0.048695655
11250,0.000379362,0.048972417
11280,0.000383199,0.049239429
11310,0.000383160,0.049556773
11340,0.000397853,0.049876523
11370,0.000388835,0.050004699
11400,0.000386750,0.050367856
11430,0.000387384,0.050560407
11460,0.000389509,0.051139930
11490,0.000390253,0.051270623
11520,0.000391905,0.051387107
11550,0.000392460,0.051665461
11580,0.000395275,0.051923865
11610,0.000393465,0.052315692
11640,0.000393843,0.052435526
11670,0.000394414,0.052664782
11700,0.000396332,0.053097428
11730,0.000398713,0.053232406
11760,0.000397828,0.053699557
11790,0.000399715,0.053787781
11820,0.000400196,0.054031410
11850,0.000401757,0.054387158
11880,0.000402550,0.054732600
11910,0.000430473,0.054915167
11940,0.000406119,0.055144221
11970,0.000406608,0.055511374
12000,0.000407270,0.055686654
12030,0.000405991,0.056444792
12060,0.000407126,0.056268536
12090,0.000408453,0.056557637
12120,0.000408469,0.056835650
12150,0.000407219,0.057301731
12180,0.000409559,0.057377414
12210,0.000411159,0.057646877
12240,0.000409707,0.058144074
12270,0.000412969,0.058244184
12300,0.000412717,0.058850334
12330,0.000416919,0.058795076
12360,0.000417265,0.059122960
12390,0.000419435,0.059627273
12420,0.000424613,0.059867015
12450,0.000430242,0.059970285
12480,0.000425269,0.060237852
12510,0.000429053,0.060594409
12540,0.000428494,0.060993366
12570,0.000433863,0.061167841
12600,0.000431960,0.061424570
12630,0.000431917,0.061761198
12660,0.000436010,0.062567988
12690,0.000436552,0.062273093
12720,0.000441464,0.062735612
12750,0.000437444,0.062868349
12780,0.000437607,0.063375174
12810,0.000438934,0.063486295
12840,0.000441512,0.063759225
12870,0.000450873,0.064069841
12900,0.000456701,0.064558916
12930,0.000447549,0.064647527
12960,0.000447864,0.064992079
12990,0.000449587,0.065469405
13020,0.000450151,0.065768799
13050,0.000451056,0.065874500
13080,0.000451385,0.066206546
13110,0.000451925,0.066669788
13140,0.000458992,0.066779622
13170,0.000453505,0.067287991
13200,0.000456220,0.067371222
13230,0.000458275,0.068331877
13260,0.000455788,0.068028128
13290,0.000454327,0.068302759
13320,0.000455437,0.069305156
13350,0.000459955,0.069155247
13380,0.000461987,0.069225200
13410,0.000462756,0.069585030
13440,0.000465582,0.070128001
13470,0.000465551,0.070158671
13500,0.000465356,0.070574284
13530,0.000466869,0.070865732
13560,0.000468998,0.071313000
13590,0.000470286,0.071508676
13620,0.000489369,0.071946346
13650,0.000472944,0.072730754
13680,0.000471407,0.072389636
13710,0.000471409,0.072731739
13740,0.000473274,0.073051901
13770,0.000471749,0.073495352
13800,0.000475744,0.073678336
13830,0.000474172,0.073966730
13860,0.000476866,0.074467125
13890,0.000476753,0.074614597
13920,0.000479016,0.074989339
13950,0.000479057,0.075490937
13980,0.000480743,0.075558783
14010,0.000480394,0.076365936
14040,0.000482552,0.076422712
14070,0.000482966,0.076660696
14100,0.000484941,0.076860843
14130,0.000484767,0.077388893
14160,0.000486827,0.078052761
14190,0.000484779,0.077864908
14220,0.000485520,0.078242946
14250,0.000487245,0.078742443
14280,0.000486466,0.078880966
14310,0.000486671,0.079237819
14340,0.000514391,0.079688767
14370,0.000491300,0.079846890
14400,0.000492969,0.080360586
14430,0.000494421,0.080731357
14460,0.000495280,0.080855175
14490,0.000495972,0.081212587
14520,0.000501555,0.082129767
14550,0.000501680,0.081865880
14580,0.000503025,0.082269975
14610,0.000504121,0.082926182
14640,0.000508203,0.082891978
14670,0.000508007,0.083276083
14700,0.000509083,0.083795304
14730,0.000509431,0.083932446
14760,0.000514366,0.084429936
14790,0.000514364,0.084766111
14820,0.000515778,0.084925981
14850,0.000515994,0.085291334
14880,0.000519210,0.085817586
14910,0.000518515,0.085954314
14940,0.000519633,0.086380897
14970,0.000524411,0.087244926
15000,0.000524755,0.087157981
15030,0.000526302,0.087405983
15060,0.000524639,0.087921707
15090,0.000525412,0.088512977
15120,0.000528936,0.088621415
15150,0.000529570,0.088758993
15180,0.000529469,0.089086522
15210,0.000530581,0.090463845
15240,0.000531687,0.089838415
15270,0.000532940,0.090193069
15300,0.000534700,0.091036565
15330,0.000536455,0.090970658
15360,0.000533246,0.091335349
15390,0.000536257,0.091797641
15420,0.000539944,0.092305472
15450,0.000539421,0.092523899
15480,0.000538806,0.092742270
15510,0.000542187,0.093173650
15540,0.000544018,0.093749354
15570,0.000545230,0.093739088
15600,0.000543331,0.094106472
15630,0.000545815,0.094677447
15660,0.000547096,0.094925278
15690,0.000546374,0.095806491
15720,0.000553065,0.095561606
15750,0.000548213,0.096313256
15780,0.000549373,0.096471004
15810,0.000547935,0.096648038
15840,0.000549135,0.097223585
15870,0.000551278,0.097381460
15900,0.000555508,0.097774263
15930,0.000554052,0.098338409
15960,0.000556750,0.098558003
15990,0.000554300,0.099144525
16020,0.000582718,0.099563291
16050,0.000556521,0.100202658
16080,0.000556033,0.100188741
16110,0.000559506,0.100348753
16140,0.000555843,0.100924137
16170,0.000566555,0.101225382
16200,0.000561678,0.101476423
16230,0.000560043,0.102049249
16260,0.000560149,0.102301228
16290,0.000560661,0.102930655
16320,0.000562184,0.103102012
16350,0.000561044,0.104368510
16380,0.000563664,0.104382488
16410,0.000565437,0.104132546
16440,0.000569005,0.104994237
16470,0.000576141,0.104933663
16500,0.000572930,0.105463393
16530,0.000574136,0.105678575
16560,0.000574930,0.106128346
16590,0.000577640,0.106596651
16620,0.000580164,0.107309512
16650,0.000583637,0.107912288
16680,0.000583536,0.107565698
16710,0.000587104,0.109089871
16740,0.000591775,0.108396681
16770,0.000592095,0.108737143
16800,0.000590223,0.109299040
16830,0.000619407,0.109567000
16860,0.000592727,0.110225094
16890,0.000594151,0.110567937
16920,0.000598357,0.110900917
16950,0.000597551,0.111073021
16980,0.000598273,0.111944329
17010,0.000604575,0.115863398
17040,0.000607601,0.112333891
17070,0.000605946,0.113008019
17100,0.000605286,0.113099667
17130,0.000605090,0.113735508
17160,0.000610049,0.114444724
17190,0.000608934,0.114785167
17220,0.000610005,0.114634586
17250,0.000608693,0.115849895
17280,0.000610142,0.115432687
17310,0.000610886,0.116111272
17340,0.000613305,0.116231605
17370,0.000611688,0.116872452
17400,0.000611302,0.117298673
17430,0.000614930,0.119764556
17460,0.000623729,0.117864815
17490,0.000621818,0.118252432
17520,0.000623431,0.118949331
17550,0.000625839,0.121101742
17580,0.000632332,0.121598794
17610,0.000632528,0.121498186
17640,0.000631413,0.120590771
17670,0.000629733,0.121135589
17700,0.000630936,0.121664833
17730,0.000632405,0.121739327
17760,0.000633277,0.122341096
17790,0.000634958,0.122378945
17820,0.000633731,0.123230910
17850,0.000633817,0.123173164
17880,0.000634300,0.124291621
17910,0.000636587,0.124318294
17940,0.000639567,0.124937223
17970,0.000637264,0.125889340
18000,0.000640684,0.125745261
18030,0.000639323,0.125734439
18060,0.000639090,0.126470792
18090,0.000639106,0.126567359
18120,0.000640419,0.127492020
18150,0.000641892,0.129571025
18180,0.000643087,0.128400722
18210,0.000643035,0.128201264
18240,0.000649854,0.128797643
18270,0.000643528,0.130188933
18300,0.000648694,0.129470578
18330,0.000646853,0.130151486
18360,0.000644070,0.130546604
18390,0.000643706,0.130972790
18420,0.000642364,0.131186927
18450,0.000643852,0.132284121
18480,0.000648249,0.132042117
18510,0.000649161,0.132665616
18540,0.000653069,0.132888809
18570,0.000653228,0.133505276
18600,0.000656433,0.134034853
18630,0.000658721,0.134494854
18660,0.000660709,0.134735908
18690,0.000665605,0.135558517
18720,0.000663826,0.135702640
18750,0.000664762,0.135914446
18780,0.000664120,0.136536967
18810,0.000664647,0.137086722
18840,0.000668436,0.137475155
18870,0.000672440,0.137636473
18900,0.000677292,0.138286316
18930,0.000670703,0.138558696
18960,0.000671571,0.139475477
18990,0.000674967,0.139623357
19020,0.000676159,0.140068787
19050,0.000675981,0.140560325
19080,0.000675482,0.140729951
19110,0.000679584,0.142164758
19140,0.000683810,0.141640954
19170,0.000681402,0.142300761
19200,0.000682043,0.142960595
19230,0.000710846,0.143377498
19260,0.000684543,0.143672856
19290,0.000686004,0.143876288
19320,0.000688421,0.146448137
19350,0.000689834,0.144786316
19380,0.000686705,0.145470119
19410,0.000689705,0.146290970
19440,0.000691406,0.146542733
19470,0.000690532,0.146935753
19500,0.000690823,0.147171997
19530,0.000693338,0.147966480
19560,0.000690614,0.148131740
19590,0.000695293,0.148352397
19620,0.000698667,0.149004863
19650,0.000695895,0.149459050
19680,0.000697114,0.150565166
19710,0.000702781,0.150741831
19740,0.000699328,0.150653982
19770,0.000698963,0.151232155
19800,0.000699417,0.151565604
19830,0.000726582,0.152305453
19860,0.000724997,0.153104854
19890,0.000701720,0.153002234
19920,0.000706139,0.153543295
19950,0.000702366,0.154041781
19980,0.000703385,0.154283195
20010,0.000705050,0.154959528
20040,0.000703030,0.155333007
20070,0.000705809,0.155896165
20100,0.000707146,0.157600447
20130,0.000707319,0.156631120
20160,0.000707025,0.157542244
20190,0.000705224,0.157803309
20220,0.000706650,0.158219744
20250,0.000709401,0.158819573
20280,0.000710875,0.159372441
20310,0.000710961,0.159667242
20340,0.000709478,0.160507119
20370,0.000712417,0.160362254
20400,0.000708897,0.161168563
20430,0.000712108,0.161577481
20460,0.000711024,0.161782558
20490,0.000713174,0.162443936
20520,0.000715821,0.163232273
20550,0.000719822,0.163239080
20580,0.000721794,0.163910780
20610,0.000722298,0.164617147
20640,0.000724995,0.164672690
20670,0.000725308,0.165307749
20700,0.000726270,0.165874743
20730,0.000730034,0.166085109
20760,0.000731395,0.167072734
20790,0.000877207,0.167355280
20820,0.000734146,0.167531707
20850,0.000755029,0.168266826
20880,0.000737516,0.168721189
20910,0.000738743,0.168957028
20940,0.000739546,0.170512417
20970,0.000742820,0.170390272
21000,0.000743178,0.171181744
21030,0.000746179,0.171130562
21060,0.000743841,0.171567361
21090,0.000748656,0.172068600
21120,0.000748259,0.172582987
21150,0.000776988,0.173556505
21180,0.000750100,0.173917613
21210,0.000752595,0.173952598
21240,0.000750778,0.174596207
21270,0.000753895,0.175088664
21300,0.000756807,0.175572725
21330,0.000759529,0.176470426
21360,0.000758053,0.176656532
21390,0.000757501,0.177190217
21420,0.000761034,0.177363925
21450,0.000759896,0.178188266
21480,0.000785682,0.178608059
21510,0.000759115,0.178822070
21540,0.000763006,0.180193660
21570,0.000770634,0.180101653
21600,0.000767690,0.180543000
21630,0.000769443,0.181083298
21660,0.000772577,0.181630694
21690,0.000774167,0.182775556
21720,0.000773834,0.182599307
21750,0.000775757,0.182870724
21780,0.000775918,0.183777176
21810,0.000781005,0.184192314
21840,0.000776389,0.185425437
21870,0.000805854,0.185023539
21900,0.000779252,0.185943358
21930,0.000782823,0.186125139
21960,0.000781342,0.186834510
21990,0.000784264,0.186894736
22020,0.000782779,0.188142797
22050,0.000785705,0.188452573
22080,0.000784073,0.189121282
22110,0.000786386,0.189269595
22140,0.000787386,0.189714679
22170,0.000788727,0.190179745
22200,0.000786987,0.190804137
22230,0.000797022,0.191019880
22260,0.000789517,0.191848132
22290,0.000791753,0.192791790
22320,0.000791051,0.192995518
22350,0.000791046,0.193175614
22380,0.000815268,0.193952804
22410,0.000791990,0.194875324
22440,0.000818754,0.195393997
22470,0.000793204,0.195306132
22500,0.000792123,0.196242818
22530,0.000791801,0.196615222
22560,0.000795133,0.197173975
22590,0.000796434,0.197860118
22620,0.000798886,0.199052950
22650,0.000805422,0.198370128
22680,0.000803188,0.199217664
22710,0.000803219,0.199695907
22740,0.000807602,0.200971185
22770,0.000808276,0.200772689
22800,0.000810663,0.201218997
22830,0.000812425,0.202007684
22860,0.000811905,0.203087268
22890,0.000812075,0.202790397
22920,0.000813523,0.203375276
22950,0.000814486,0.204026521
22980,0.000813183,0.204225822
23010,0.000816956,0.205030184
23040,0.000815711,0.205334036
23070,0.000817821,0.206080035
23100,0.000820928,0.206617947
23130,0.000821610,0.207015586
23160,0.000847194,0.207735768
23190,0.000825583,0.208846657
23220,0.000829504,0.208689660
23250,0.000825456,0.209187777
23280,0.000826821,0.209771729
23310,0.000827589,0.210696646
23340,0.000825273,0.211230414
23370,0.000832345,0.211281603
23400,0.000829328,0.211808657
23430,0.000828753,0.212313931
23460,0.000830792,0.213516922
23490,0.000831263,0.214269304
23520,0.000833286,0.214099625
23550,0.000832227,0.214416576
23580,0.000829957,0.215324575
23610,0.000835367,0.215626901
23640,0.000840246,0.216805231
23670,0.000841694,0.216822896
23700,0.000840779,0.217337726
23730,0.000840111,0.217962869
23760,0.000841010,0.218452757
23790,0.000843946,0.218714494
23820,0.000842426,0.219996774
23850,0.000844723,0.220221770
23880,0.000842569,0.220577752
23910,0.000843928,0.221095943
23940,0.000845829,0.222083640
23970,0.000848030,0.222264053
24000,0.000847301,0.222928184
24030,0.000848575,0.224461127
24060,0.000851679,0.223745122
24090,0.000848151,0.224509562
24120,0.000848634,0.225717030
24150,0.000850815,0.225909603
24180,0.000853123,0.226110652
24210,0.000856300,0.226717850
24240,0.000853778,0.227280432
24270,0.000854129,0.228439269
24300,0.000856065,0.230560652
24330,0.000856447,0.229185557
24360,0.000855915,0.229491294
24390,0.000857304,0.230803295
24420,0.000857046,0.230644512
24450,0.000884856,0.231067234
24480,0.000858684,0.231858419
24510,0.000857112,0.232836483
24540,0.000859309,0.233087695
24570,0.000857663,0.234103785
24600,0.000863200,0.234085140
24630,0.000865081,0.234967517
24660,0.000867123,0.235282248
24690,0.000868248,0.237031573
24720,0.000873321,0.236385277
24750,0.000873823,0.237071151
24780,0.000878044,0.237838109
24810,0.000880904,0.238322800
24840,0.000882240,0.239290373
24870,0.000885085,0.239289580
24900,0.000886082,0.239992669
24930,0.000886230,0.240377940
24960,0.000891397,0.241424013
24990,0.000891936,0.241589102
25020,0.000892017,0.242332618
25050,0.000891713,0.242991522
25080,0.000898504,0.243334379
25110,0.000896426,0.243988822
25140,0.000926321,0.244863927
25170,0.000925482,0.244936369
25200,0.000900349,0.245663810
25230,0.000903945,0.246221370
25260,0.000905490,0.247433012
25290,0.000906747,0.248188953
25320,0.000910605,0.247967162
25350,0.000908861,0.248549536
25380,0.000911588,0.249540859
25410,0.000909021,0.250157072
25440,0.000912742,0.250251405
25470,0.000913213,0.250947176
25500,0.000915222,0.251791920
25530,0.000989254,0.252577413
25560,0.000941516,0.252747880
25590,0.000917090,0.253445450
25620,0.000919975,0.254356341
25650,0.000925390,0.254967132
25680,0.000924601,0.255010680
25710,0.000927146,0.255675527
25740,0.000925234,0.256524645
25770,0.000928821,0.256851601
25800,0.000928605,0.257898283
25830,0.000932631,0.259045006
25860,0.000933226,0.259067414
25890,0.000934459,0.260204751
25920,0.000938694,0.260273560
25950,0.000937680,0.260559479
25980,0.000943340,0.261326149
26010,0.000941950,0.262056072
26040,0.000942255,0.262287496
26070,0.000943757,0.263431511
26100,0.000941104,0.281483260
26130,0.000973132,0.264082330
26160,0.000943867,0.264687687
26190,0.000944618,0.265928144
26220,0.000945108,0.265950000
26250,0.000948264,0.266507398
26280,0.000951394,0.267097166
26310,0.000946931,0.268533921
26340,0.000946289,0.268548530
26370,0.000947442,0.268886029
26400,0.000948771,0.269699105
26430,0.000951212,0.270979719
26460,0.000951539,0.270996106
26490,0.000953138,0.271822748
26520,0.000952056,0.272285358
26550,0.000950148,0.272671826
26580,0.000979376,0.273655946
26610,0.000952303,0.273977324
26640,0.000952962,0.274552468
26670,0.000957736,0.275208691
26700,0.000958154,0.275850324
26730,0.000959822,0.276871217
26760,0.000963539,0.277163521
26790,0.001032403,0.277737737
26820,0.000964737,0.278499137
26850,0.000964183,0.278935820
26880,0.000979243,0.279965828
26910,0.000971416,0.280053911
26940,0.000974192,0.281011321
26970,0.000975051,0.282628011
27000,0.000976488,0.282161290
27030,0.001000080,0.282640552
27060,0.000972752,0.283849683
27090,0.000976875,0.283793606
27120,0.000980284,0.284392668
27150,0.000976804,0.286595879
27180,0.000978513,0.285739276
27210,0.000980796,0.288839102
27240,0.000985925,0.286971664
27270,0.000981452,0.287709994
27300,0.000984373,0.289224601
27330,0.000988136,0.288942637
27360,0.001124136,0.290129318
27390,0.001050218,0.290685686
27420,0.000987934,0.290732697
27450,0.000986195,0.291501898
27480,0.000990227,0.292898970
27510,0.000993688,0.293179479
27540,0.000990825,0.293726941
27570,0.000994310,0.293871186
27600,0.000991266,0.294633129
27630,0.000988550,0.295703555
27660,0.000991878,0.295997553
27690,0.000994309,0.297025765
27720,0.000994631,0.297621600
27750,0.000995116,0.298183652
27780,0.000997502,0.298874337
27810,0.001002198,0.300062475
27840,0.000998331,0.299946592
27870,0.001039624,0.300814259
27900,0.001003628,0.301244994
27930,0.001004835,0.302155744
27960,0.001002646,0.303479100
27990,0.001046228,0.303315844
28020,0.001004880,0.303715938
28050,0.001007131,0.304562294
28080,0.001009399,0.305457145
28110,0.001015478,0.305581083
28140,0.001009142,0.306758674
28170,0.001008583,0.307156484
28200,0.001010381,0.307616450
28230,0.001012149,0.308292872
28260,0.001040018,0.308984111
28290,0.001009907,0.309934566
28320,0.001012606,0.310543699
28350,0.001012595,0.310798260
28380,0.001012483,0.312103453
28410,0.001011727,0.312222317
28440,0.001018818,0.313030114
28470,0.001016425,0.314256879
28500,0.001019096,0.315299306
28530,0.001045829,0.315063276
28560,0.001015160,0.315544304
28590,0.001015867,0.317342594
28620,0.001044862,0.317060156
28650,0.001020510,0.317377605
28680,0.001018433,0.318082925
28710,0.001021190,0.319653169
28740,0.001025595,0.319240538
28770,0.001025501,0.320021110
28800,0.001028666,0.321158928
28830,0.001064342,0.322861983
28860,0.001032305,0.322113067
28890,0.001034155,0.322978698
28920,0.001033071,0.324581900
28950,0.001042095,0.324114343
28980,0.001040802,0.324971469
29010,0.001044020,0.325600131
29040,0.001047064,0.326576129
29070,0.001048134,0.327102703
29100,0.001048206,0.327632013
29130,0.001049298,0.328651625
29160,0.001050238,0.328987802
29190,0.001051766,0.330116466
29220,0.001055010,0.330165864
29250,0.001056282,0.331529211
29280,0.001060274,0.331679404
29310,0.001057517,0.332869740
29340,0.001062063,0.333073605
29370,0.001063101,0.334839345
29400,0.001064787,0.334243151
29430,0.001065914,0.335130985
29460,0.001064577,0.336300592
29490,0.001068747,0.336249751
29520,0.001067799,0.337855868
29550,0.001072689,0.338666904
29580,0.001073980,0.338358053
29610,0.001072176,0.339180394
29640,0.001072170,0.340297306
29670,0.001073886,0.340347833
29700,0.001072895,0.341392753
29730,0.001104323,0.341790512
29760,0.001081327,0.342862865
29790,0.001081005,0.343787741
29820,0.001079949,0.344511053
29850,0.001086629,0.344621270
29880,0.001085082,0.346118010
29910,0.001089458,0.346154889
29940,0.001088537,0.347078057
29970,0.001085286,0.347710340
30000,0.001090214,0.347950086
